course_name,enrollments,non_completed_enrollments,drop_off_rate_pct
Python for Reporting Automation,810,622,76.79
Experimentation and A/B Testing,687,526,76.56
Cohort Analysis in Practice,753,558,74.1
SQL for Product Metrics,737,446,60.52
Power BI Storytelling,691,402,58.18
Customer Research for EdTech,566,329,58.13
Product Analytics Fundamentals,715,401,56.08
Data Literacy for Teams,566,228,40.28
Dashboard Design for Execs,655,263,40.15
Excel for Operations,620,247,39.84
